Post_Type,Likes,Shares,Comments,Post_ID
Reels,703,194,140,245a4b3f
Carousel,275,85,40,6d0844bf
Reels,553,177,124,73073047
Reels,534,185,109,7cec4769
Static_Image,259,30,17,18a5fd30
Reels,605,169,119,332ccbe3
Static_Image,175,31,19,c108e6aa
Static_Image,184,30,11,6f46aefc
Static_Image,292,38,14,ea0a12b0
Reels,930,222,138,1f91dd70
Carousel,212,81,26,79bfdda0
Reels,659,228,118,91306e34
Carousel,474,80,40,be53eb97
Carousel,275,71,32,1a8c8043
Carousel,330,78,32,1f6f4c7b
Static_Image,190,38,13,9eef3766
Static_Image,185,45,19,8f81861b
Reels,711,151,116,913694b9
Reels,624,235,134,cab3db6f
Carousel,297,76,20,7f63390e
Carousel,333,70,25,54c8be22
Static_Image,256,40,10,14f45ff9
Carousel,366,68,38,0e8627a7
Carousel,409,61,38,8e457464
Reels,700,246,114,703021c6
Carousel,400,96,36,d6e09ec0
Carousel,391,100,32,46dcaaed
Reels,501,201,103,9c703dc1
Reels,678,210,138,16af58e1
Reels,799,218,105,45312528
Static_Image,123,50,18,f689c59e
Static_Image,215,24,19,5b5de182
Static_Image,225,32,10,e6e54b86
Static_Image,116,24,18,cfa5f4d4
Static_Image,108,29,10,f25c8146
Reels,506,189,109,4363b168
Carousel,441,80,39,e7d5ce41
Carousel,277,98,34,36095414
Static_Image,206,34,19,a785d36a
Static_Image,291,26,11,51510940
Reels,794,205,133,3a7d0ba4
Carousel,263,86,26,040f64e7
Carousel,270,93,30,dd54679e
Reels,503,150,142,a9f41736
Static_Image,209,24,11,869b1cfd
Reels,690,163,132,348090a2
Static_Image,280,20,13,f32676f2
Static_Image,125,39,16,e1460e4b
Reels,708,174,149,56be724f
Static_Image,260,25,10,12f3064e
Reels,887,198,132,d154392c
Reels,617,243,123,6cde0543
Carousel,439,96,28,9474533c
Reels,903,243,113,9e557ffa
Carousel,496,80,25,a7a7dc3c
Static_Image,104,29,12,e1b9411d
Carousel,433,63,36,4415eccd
Carousel,363,100,20,3a3340d7
Carousel,248,85,31,b2a4f24a
Reels,878,173,140,0b462bd7
Static_Image,157,36,15,8ec0ab1e
Static_Image,219,49,10,5f75d074
Reels,549,177,123,d73fad13
Reels,910,184,142,8caba384
Static_Image,285,41,13,f704b54e
Reels,970,161,122,356b6fd6
Carousel,206,94,26,73b28ea4
Reels,537,196,100,7957715c
Static_Image,152,31,18,5a47537d
Static_Image,108,27,16,8bd18f69
Reels,844,170,115,d42cef0a
Static_Image,211,21,18,45e2dfb6
Reels,942,246,149,035938b5
Reels,894,197,120,f85f4e3f
Reels,836,247,106,19ab1420
Reels,972,177,128,aca1a702
Carousel,400,88,22,b459177d
Reels,934,191,137,1e312d7f
Reels,762,218,137,7c56b70a
Carousel,247,75,29,5bc28e02
Static_Image,298,41,15,d09b3270
Reels,988,172,109,8ca30c4e
Reels,582,152,137,20a922b5
Carousel,237,82,25,a5a6817a
Reels,752,197,133,b65660c3
Reels,841,183,106,231d756a
Carousel,238,66,20,aea07f4b
Static_Image,250,31,16,903fab0f
Reels,610,175,145,b7cd2973
Carousel,398,80,22,66dc8fe4
Reels,590,199,114,14d04485
Static_Image,235,21,12,8b1e4ee5
Static_Image,264,36,11,c91193b2
Reels,541,217,117,6be1a52e
Carousel,318,72,39,3351e249
Carousel,323,85,22,da674805
Reels,850,210,147,64fa4fcb
Carousel,457,97,27,e691579a
Static_Image,124,31,17,09b322d6
Reels,629,241,107,00d71d7b
Carousel,369,77,24,133cb4cf
Carousel,267,71,39,b0345467
Carousel,403,70,32,f0a9ee40
Reels,555,156,144,629286ab
Carousel,205,67,32,7221bc24
Static_Image,103,21,13,da1bbb91
Static_Image,105,44,13,0e46e362
Static_Image,184,46,14,c9a1c8c4
Static_Image,298,27,14,21c1c74a
Reels,514,203,131,fd61bf80
Reels,724,187,147,7097815b
Carousel,436,66,33,8c3eea84
Static_Image,201,40,11,b1cdc24c
Reels,649,158,113,4290afbd
Reels,668,162,122,7980d9bf
Reels,972,176,104,e9cf000b
Carousel,413,83,36,406123ef
Static_Image,215,49,11,144c467c
Reels,886,250,138,20688cfc
Static_Image,228,33,18,288de0aa
Static_Image,167,46,12,6f6519da
Carousel,386,97,27,bc95971f
Static_Image,201,27,12,75537c00
Reels,646,187,108,88abe404
Reels,644,225,114,e668277a
Static_Image,138,25,19,68fb03c7
Carousel,316,55,23,e6ac0b20
Carousel,384,65,27,0fca3b50
Carousel,383,55,30,e972c18a
Carousel,456,83,35,55bfb392
Static_Image,136,47,13,f417da78
Carousel,274,79,36,37c8053d
Carousel,366,60,25,ae2a4327
Reels,604,244,146,3c6cbeb8
Carousel,428,66,33,33ed724a
Static_Image,139,25,16,fd8550d7
Static_Image,136,23,12,7ec53d7f
Static_Image,132,37,14,85568990
Reels,564,208,126,51b5955c
Reels,508,157,104,02dd8c30
Static_Image,195,44,12,22fa228f
Carousel,369,97,29,93055e98
Reels,564,180,100,0bc1e231
Static_Image,199,28,16,c72223db
Carousel,259,93,24,fba8ce84
Static_Image,164,32,18,ca345475
Static_Image,203,37,13,347c404d
Carousel,500,79,20,62eba7c5
Reels,697,241,129,aeaed21c
Reels,629,213,113,9a5eb8fa
Static_Image,250,44,17,78e03a56
Carousel,255,50,25,07bcb280
Static_Image,207,42,20,459e286b
Reels,884,210,111,09c71d5f
Carousel,465,64,37,8ce97bd8
Reels,770,195,104,0c92590a
Carousel,269,81,36,63b44cad
Reels,674,228,140,b84b84f8
Static_Image,210,47,16,aa368862
Carousel,386,61,24,447a894e
Static_Image,178,29,11,80799b9f
Carousel,303,61,24,75eb8ebf
Carousel,363,78,24,3f2f65e0
Carousel,317,56,29,ebdb4425
Static_Image,176,49,16,cf84a037
Static_Image,261,44,17,2eb8011d
Carousel,461,69,31,b82e14bf
Carousel,209,97,35,16ed1a12
Carousel,441,97,32,1ec80ccb
Carousel,411,67,34,aaf5759c
Carousel,244,54,33,2728c1d8
Static_Image,219,49,16,a637a49d
Static_Image,202,37,14,52cb2d3e
Carousel,266,57,39,87e5e3dc
Carousel,424,66,28,b776bb21
Reels,835,207,109,eec68d75
Reels,683,193,130,1f652e14
Reels,743,231,111,7af13ca5
Reels,778,172,110,f280129f
Reels,893,184,122,5f1fcdaf
Static_Image,208,36,18,0177b564
Static_Image,136,38,10,0667de09
Carousel,290,100,34,be8d51ef
Carousel,461,92,24,32ab985e
Static_Image,257,42,19,0449b3d3
Carousel,431,87,27,b8b581ab
Carousel,374,88,36,e7f86cff
Carousel,291,64,20,a9493387
Reels,666,230,124,bfb08ae5
Reels,748,206,103,cccbab43
Carousel,414,71,29,b34c45eb
Reels,826,156,117,ae6b6cca
Static_Image,230,50,16,9438e3a0
Static_Image,272,30,19,bcfb405d
Static_Image,122,20,15,07d87d50
Carousel,426,53,30,63db98af
Reels,882,165,136,d86a0f4e
Carousel,405,75,31,4f63812b
Carousel,288,55,35,1ae1460f
Reels,926,219,112,55826aca
Carousel,243,93,21,3c57791b
Reels,580,190,119,6a7dd935
Reels,730,186,110,8e4546a5
Carousel,347,92,23,5dc28118
Carousel,229,96,38,93a7c9f8
Reels,810,187,144,4003c002
Static_Image,117,26,17,b8a7b3b5
Carousel,405,72,26,d65c821d
Static_Image,150,34,16,616c7591
Carousel,340,68,31,fc279a4c
Reels,537,173,115,c534d8c3
Static_Image,113,36,18,dd5ecd4f
Static_Image,248,45,18,20b19db3
Carousel,348,70,28,3bad66d7
Reels,523,198,104,76da3261
Static_Image,106,28,12,d5389844
Static_Image,298,26,12,caf043df
Carousel,369,57,27,3de919e8
Carousel,480,59,26,59a1c2ce
Reels,620,153,100,e9772ae0
Reels,546,198,123,fdbbdc76
Reels,830,204,109,0e9ce3ed
Static_Image,209,39,12,f60d92a0
Reels,825,250,130,9b25912a
Static_Image,209,24,14,e1558608
Carousel,366,95,20,11ccf87d
Static_Image,132,25,18,869390c4
Reels,578,186,111,81613892
Carousel,278,92,23,c9573cc0
Static_Image,284,22,16,6fa3b726
Reels,556,177,104,92c552cd
Reels,944,186,104,3de81d08
Reels,872,155,101,5a97a641
Reels,925,209,128,65f36185
Static_Image,230,46,19,59dccc68
Carousel,449,89,24,8b8130b6
Carousel,349,72,39,65b93872
Carousel,449,75,23,c8bc9590
Carousel,491,85,37,e8a98e4b
Static_Image,109,27,19,c9fd37ee
Reels,630,218,126,2ab01749
Carousel,275,68,20,ab0b7168
Reels,592,172,145,a63fc460
Static_Image,290,20,18,8bd08ff0
Carousel,341,85,27,42a287cc
Reels,924,229,125,8aa013d0
Carousel,289,51,28,4bc87ac9
Static_Image,235,22,12,05c3d21c
Carousel,218,63,34,005ed8a3
Reels,829,165,124,55fbd2b4
Static_Image,241,33,19,714e11d0
Carousel,280,64,39,3d95b79e
Carousel,425,84,40,870f1dc8
Reels,728,157,121,f4443fc8
Carousel,427,100,32,9b16f6e4
Reels,582,223,103,28e9e1de
Static_Image,176,22,12,a1cc3ad3
Static_Image,263,31,16,16812844
Static_Image,216,22,20,26211d41
Static_Image,158,32,10,8af3bed7
Static_Image,289,36,18,ca417356
Reels,842,169,138,151cffa7
Reels,955,211,122,7cfe943a
Static_Image,212,47,10,e5ddafd3
Reels,748,170,119,027edf1a
Static_Image,123,38,14,856cee3a
Carousel,372,63,31,fc765a1d
Reels,830,163,145,630c4f8d
Carousel,265,82,25,c3ab3450
Static_Image,180,46,10,841eb449
Static_Image,288,33,16,ce86a80d
Reels,623,154,147,feb959aa
Static_Image,204,27,11,a42215d2
Static_Image,243,21,11,35d2032d
Static_Image,232,38,16,2484291f
Reels,770,159,127,247d091b
Reels,842,248,148,b2e9758c
Static_Image,267,36,20,06694941
Reels,671,190,137,225f080f
Reels,527,231,148,c0692a7b
Carousel,231,90,21,da06bd0f
Static_Image,132,36,11,4faead71
Static_Image,248,35,11,0abc7ddb
Static_Image,196,42,12,6a22d5e5
Carousel,386,62,25,d198f7cb
Carousel,242,97,21,f26cc5a7
Carousel,339,70,20,3a29712b
Carousel,244,82,24,f2c0a7b4
Carousel,487,98,22,a747a9c5
Reels,858,233,133,eb5c436d
Carousel,235,61,36,d639c108
Static_Image,102,22,11,5a20853c
Reels,571,188,102,0654f92f
Static_Image,200,45,16,ae2b734c
Carousel,399,81,30,e872edae
Static_Image,253,46,15,bb30581a
Carousel,343,52,21,810251da
Carousel,254,91,28,3be3ed26
Static_Image,164,23,17,e0c0fa72
Reels,946,198,138,56987944
Static_Image,106,30,14,04593790
Reels,538,169,111,eab203dd
Static_Image,147,48,11,7f8e7354
Static_Image,221,39,19,6305e675
Static_Image,137,46,17,d7d834ff
Carousel,262,50,25,2743f82f
Reels,814,198,135,ce3398a9
Static_Image,137,47,10,f882641c
Carousel,383,84,37,a8b9b352
Carousel,347,98,28,df7a155e
Reels,586,162,143,1b5c9844
Static_Image,118,50,12,8afdb391
Static_Image,151,39,17,1c1c06bb
Static_Image,104,38,19,ed570626
Carousel,247,59,31,45f04577
Carousel,444,99,38,cfe32d4c
Static_Image,264,46,13,4d9eced8
Reels,981,175,105,742612f6
Carousel,335,68,39,77b7fada
Carousel,473,70,23,34df9d6c
Static_Image,129,32,14,f32e2ee4
Reels,509,242,104,9fab6cdf
Reels,802,179,108,5a693091
Carousel,492,59,27,74bd3f17
Static_Image,105,26,20,83b69fc3
Reels,915,241,112,aba8265b
Carousel,405,79,20,52cf977d
Reels,710,197,125,176f937b
Static_Image,117,44,15,89515e75
Carousel,494,66,23,2def92be
Reels,972,190,148,9fcc6f6f
Carousel,239,57,26,d83fa30b
Reels,659,154,145,33ddbec1
Static_Image,294,47,18,59b95c06
Static_Image,146,39,14,c4357201
Carousel,213,85,31,993c6c67
Carousel,458,63,30,43b351d8
Carousel,200,79,31,2f5a03de
Carousel,430,87,37,d8b37e65
Carousel,493,51,27,06726e34
Carousel,258,59,40,734f27f3
Carousel,425,70,38,cdac7a76
Carousel,307,92,20,8f3564c3
Static_Image,203,40,15,6e340096
Reels,621,173,143,b1d5f512
Reels,908,231,135,22d06d8b
Carousel,415,65,36,d2c40747
Static_Image,234,44,11,fdc65b90
Carousel,272,72,38,d36243ca
Reels,831,237,130,4b1e23f8
Reels,542,165,116,eb5b0fe6
Carousel,231,55,37,f14402b1
Carousel,291,79,32,14b36c02
Carousel,465,76,25,9e7da069
Static_Image,285,37,17,a2e45800
Carousel,369,86,40,81d5f8c1
Carousel,487,64,29,cdb0f85a
Reels,837,235,121,704bfe2d
Reels,950,155,100,d2be206c
Carousel,207,65,34,6e1b2021
Static_Image,294,24,19,d22b1605
Carousel,349,67,33,787a4cc2
Static_Image,115,39,17,c471404b
Carousel,302,65,21,5ad8613d
Static_Image,199,50,14,394d1c32
Reels,670,237,114,ccc9d56b
Static_Image,207,37,20,e3317a18
Static_Image,264,39,16,126ca026
Reels,885,238,113,29e6ccf2
Reels,589,192,148,e9da7735
Carousel,277,87,31,b4ec4288
Carousel,334,93,29,88c66ac1
Static_Image,229,31,11,b096fe44
Static_Image,262,25,16,45d0a89f
Static_Image,168,29,20,54d3f66e
Reels,616,175,103,dd2bd5f6
Carousel,202,94,27,ceb23f65
Reels,671,183,148,e6b2b8cf
Reels,656,187,129,bb5ed52e
Reels,611,229,145,2fc9c636
Reels,758,197,124,4f989ebf
Carousel,321,84,27,dcefaed2
Reels,685,187,137,fff4688c
Carousel,347,77,23,494f446e
Reels,637,223,123,9b0fbb33
Carousel,226,96,34,fac61f12
Carousel,410,97,36,cf0a63a4
Carousel,219,63,34,d4f9ef62
Static_Image,300,46,18,224c7318
Carousel,322,60,26,58863b30
Carousel,486,82,36,fb8584d8
Static_Image,172,32,10,5dc9b07f
Reels,693,238,132,0d188433
Reels,746,186,128,7e1234a9
Carousel,376,70,21,75569f81
Reels,573,173,140,9bbb5fe7
Static_Image,258,47,11,baaff749
Static_Image,198,30,13,658feb86
Reels,965,224,127,4399535e
Reels,519,179,150,bbe128a8
Reels,596,154,150,ced355fe
Reels,711,207,106,8ec35a43
Carousel,364,62,29,c77b6422
Carousel,465,93,40,f6b5c611
Carousel,360,84,22,40274700
Static_Image,135,37,17,9dfd4157
Reels,992,233,139,990f5a79
Carousel,261,82,24,0abe5f78
Static_Image,149,48,16,e01c9cb8
Static_Image,200,22,13,6fd68106
Reels,943,241,115,6733bdd8
Static_Image,272,41,12,929f0a9b
Carousel,423,68,38,263414e3
Reels,621,244,150,a15d0c65
Static_Image,140,48,14,d83cb280
Static_Image,287,20,13,226b96e3
Carousel,422,84,35,c86e9510
Carousel,465,57,30,b984b89f
Carousel,251,88,39,c825cfcc
Static_Image,229,50,15,1e811f44
Reels,751,241,138,be89e8ea
Carousel,334,100,21,d4c096e1
Reels,793,179,105,04effbc9
Carousel,237,58,31,44460402
Carousel,388,64,29,2e3fe091
Static_Image,224,43,13,d1d51e69
Static_Image,258,40,17,faf69868
Reels,501,172,141,695d62b4
Reels,945,204,148,17216b57
Static_Image,108,50,17,a5962e24
Reels,638,214,140,ffd24e1d
Reels,804,161,110,c040d6a4
Carousel,221,81,38,9458b13c
Static_Image,218,50,15,1f84653f
Carousel,230,94,32,270365ed
Static_Image,167,31,13,3dc17664
Carousel,486,78,30,9b49e805
Static_Image,273,25,16,f6605fee
Static_Image,299,50,13,12d9699f
Static_Image,220,43,20,3f81daf7
Carousel,341,99,32,74e54020
Reels,660,152,126,951a91c2
Carousel,363,68,40,377630d1
Reels,648,160,139,f4571e66
Carousel,304,61,20,8682955b
Carousel,379,100,29,cbab2830
Static_Image,201,25,18,683e6a13
Reels,674,233,143,f1d796c2
Reels,618,188,146,75a5c655
Carousel,358,52,40,e2ad4769
Reels,773,228,124,a1441e82
Static_Image,204,33,10,ea9fb665
Carousel,475,73,36,a327c2bc
Carousel,328,60,22,4f295d66
Static_Image,140,49,20,a32a6236
Static_Image,218,42,19,0572a1c1
Carousel,464,67,33,ed871c6d
Carousel,417,62,36,f36e6f9a
Reels,535,244,110,f9cd5ebf
Carousel,454,57,32,56de7d59
Carousel,460,75,20,ef182ca5
Carousel,493,80,25,2d63f4bc
Static_Image,136,21,13,d47c419a
Reels,525,172,113,073bba85
Reels,664,237,131,25dd3db2
Static_Image,247,41,14,b260a17d
Carousel,321,68,32,67998575
Reels,909,198,126,532d198b
Reels,914,155,133,52adaa2d
Carousel,233,70,35,2e71614e
Reels,736,196,104,4eedbb80
Carousel,330,94,33,e9981dde
Static_Image,206,28,17,37a5eb44
Static_Image,197,32,13,13be2bf0
Reels,952,182,104,4edc2f12
Reels,708,222,103,fd2bdebc
Carousel,348,80,26,fa908cf7
Static_Image,116,35,20,08a0784d
Carousel,462,51,36,cc5f4824
Static_Image,251,49,17,200c63fe
Static_Image,242,31,19,e466fc33
Static_Image,212,38,14,abe5a4b3
Static_Image,205,20,16,ac8f8b3c
Reels,861,151,146,cc52f98e
Static_Image,296,30,10,af4d885d
Static_Image,113,37,18,7ef509c9
Static_Image,162,39,13,235e74fa
Carousel,379,80,25,298374ce
Static_Image,203,33,14,2ef4efa3
Static_Image,283,27,13,a85d44a7
Static_Image,241,23,17,5614c5bf
Carousel,393,95,34,fd5e7d3b
Static_Image,105,31,19,2b8f82aa
Static_Image,245,37,11,bab6f4c4
Reels,605,163,149,b19314b2
Static_Image,173,28,13,9a341a1f
Carousel,433,75,37,018faddb
Carousel,299,53,40,9d6e68e7
Reels,647,239,140,5f4051e1
Static_Image,240,30,15,a815c96f
Carousel,409,61,20,d4206056
Static_Image,295,45,14,39356c73
Carousel,436,56,21,4f82c216
Reels,571,244,110,9d4d4279
Static_Image,180,30,15,2b5824d4
Static_Image,144,32,20,af2ef9f2
Reels,941,184,138,e1008d5f
Carousel,221,53,20,10d3cf6e
Static_Image,258,23,14,cd1edc10
Reels,771,205,104,367a9015
Static_Image,121,41,17,a56af5ef
Static_Image,203,35,20,6268760d
Carousel,499,52,22,fccd4a7f
Static_Image,139,47,16,1b518875
Reels,617,250,148,91324018
Reels,639,175,133,18534d20
Carousel,415,70,30,c8dadec8
Static_Image,255,25,14,fb4cf5b0
Reels,704,181,133,c655c4dd
Carousel,303,53,21,7537745e
Static_Image,260,26,10,01310cf7
Carousel,350,98,23,cc129662
Reels,747,227,131,e7c65887
Carousel,343,65,31,289967a2
Carousel,266,78,20,764ef2ce
Static_Image,188,40,11,4f88cbdd
Static_Image,242,31,16,d9518299
Reels,506,224,139,a79d53a6
Reels,755,234,122,ca2cc0be
Reels,558,220,126,33accda2
Carousel,278,54,25,11d52598
Reels,614,191,106,35da249a
Static_Image,286,49,10,53084612
Reels,947,215,145,c9e69f56
Carousel,315,65,21,427c8e74
Static_Image,191,34,10,44181588
Reels,578,225,110,8ef19a50
Carousel,253,87,30,d22df7a0
Reels,829,180,135,112951d8
Reels,847,171,102,cb6bb5a5
Static_Image,245,48,10,6783d14d
Reels,597,171,104,b9dfaa5f
Static_Image,276,20,12,75a3e199
Static_Image,206,21,15,faf65c55
Reels,815,161,126,13f913f9
Carousel,323,89,26,729eaade
Carousel,270,87,37,8efe6195
Carousel,399,88,29,f5051974
Carousel,396,96,29,1cf08490
Static_Image,125,46,13,10008466
Reels,936,180,147,0607cbeb
Static_Image,285,43,17,10922bbd
Carousel,306,97,23,b3bfe9cd
Carousel,307,81,23,1e25f1ae
Carousel,388,61,28,d5509ca9
Reels,667,223,129,167e4931
Static_Image,290,27,15,586c79d2
Reels,758,198,131,0c586f46
Static_Image,212,27,10,b34d3873
Static_Image,290,41,18,8236215a
Carousel,317,67,32,5bca95f6
Reels,827,180,137,13d840d6
Static_Image,238,26,18,7a5a1052
Carousel,484,89,35,f779bf04
Static_Image,173,26,11,0c4fb20e
Reels,720,164,143,30996f7b
Static_Image,164,49,12,6a5db0b1
Reels,748,248,129,99fede8f
Reels,888,242,122,831e0243
Static_Image,204,42,15,dd258aa1
Reels,537,155,135,8ed8c9cc
Reels,656,193,116,6dca8c57
Carousel,215,72,27,063c9de3
Static_Image,190,22,16,be3980a3
Reels,754,186,107,ce20a177
Static_Image,209,20,20,553adb0e
Reels,764,230,125,37132528
Carousel,349,87,37,d2d91134
Reels,698,226,117,3ccf1492
Reels,586,245,104,9c412fd8
Reels,796,179,138,7b509cb1
Reels,626,221,123,f34cfb0b
Reels,913,244,105,86c9e052
Carousel,285,51,39,3bd2ff51
Reels,685,183,135,7be9e43f
Reels,872,174,107,40707c41
Carousel,279,51,29,3b87dbd1
Reels,834,162,120,391d4eaf
Reels,682,228,145,a4e0e4e2
Reels,795,234,113,5f529b87
Static_Image,214,21,13,14be627f
Reels,526,204,107,1fd1a69a
Static_Image,121,22,16,eeedb1c9
Carousel,308,89,40,75544c6b
Static_Image,158,23,18,0b0081fd
Carousel,469,53,29,25061970
Static_Image,288,43,18,28f98314
Static_Image,237,47,19,70231d56
Reels,865,161,141,39c319ca
Carousel,224,76,22,75c77b7e
Carousel,488,74,32,073c3c9a
Reels,587,214,104,413c31be
Reels,851,182,101,75142d5d
Carousel,319,87,22,d843c137
Reels,613,159,146,edca3f3f
Carousel,239,95,22,1e846d28
Carousel,316,86,24,852def0d
Reels,998,246,106,c8fb1508
Static_Image,174,23,10,8a42e87f
Static_Image,232,38,15,3df1acde
Reels,867,161,125,22b2a866
Static_Image,246,24,13,0b8ac8b1
Reels,963,217,106,20b9e72b
Reels,653,169,149,d0b333b5
Static_Image,137,33,18,6a36bc34
Static_Image,188,33,19,225d9655
Reels,718,183,113,f5137b80
Reels,719,213,120,821647d2
Static_Image,188,26,14,72be9a2d
Reels,844,171,120,3c2c074a
Carousel,319,71,34,de1ccb95
Reels,895,177,115,6a43e54f
Static_Image,158,42,14,7aaed49c
Static_Image,124,22,16,1dd43bbf
Static_Image,158,34,13,11f4f221
Static_Image,269,42,20,db9a2ab8
Static_Image,211,48,20,40fd860a
Carousel,422,62,36,120acfc7
Static_Image,244,28,19,1a2ea96d
Reels,702,228,101,83ea4b2c
Static_Image,190,24,18,210cb6f2
Reels,840,231,101,7a4249e4
Static_Image,271,38,12,fc118c82
Static_Image,127,20,10,c9f7e9c0
Reels,975,239,142,2638213e
Static_Image,267,32,17,88a73488
Static_Image,261,33,14,8e143fc4
Static_Image,123,33,13,fa6b2b86
Reels,951,229,109,29ea5b9f
Static_Image,240,25,15,e7561df9
Static_Image,173,27,16,272d52a9
Static_Image,173,39,10,8a2eb08c
Reels,983,212,116,ed012534
Carousel,419,83,22,64dc483d
Reels,644,156,111,0c418694
Carousel,357,72,25,3e7af97d
Static_Image,219,46,11,607d4fa8
Static_Image,121,33,11,0f3fa1cf
Reels,602,169,116,de4b9ed1
Carousel,336,54,31,6d9d42c6
Carousel,226,58,37,7bb12b3f
Static_Image,287,30,19,0b3cda23
Carousel,311,61,22,2fac3ba7
Carousel,433,60,32,3035d8a2
Static_Image,192,45,11,534cb4d9
Carousel,422,68,21,b05708a9
Carousel,327,78,37,d48492c1
Reels,746,218,119,d8b43528
Reels,974,151,141,0afb5092
Carousel,271,61,28,27aa10de
Carousel,337,76,38,20e7ae02
Static_Image,208,43,14,e96e17cc
Static_Image,218,45,20,7da383b9
Carousel,229,77,30,f6f54d2b
Reels,672,181,125,a3bf0310
Reels,645,168,106,86ec1885
Reels,994,188,115,1b65d696
Reels,922,181,129,a5801e7e
Reels,549,177,121,5760268b
Reels,506,223,146,a2b979ba
Reels,561,162,121,1ddf0636
Reels,542,221,107,f4ac1480
Carousel,279,58,30,6eaffab9
Reels,660,157,150,f10e2d96
Static_Image,227,21,10,9d9f8529
Carousel,475,78,33,4992aa8c
Reels,532,175,115,f7348650
Static_Image,156,20,20,80f97add
Reels,929,230,107,c5c472a2
Static_Image,142,34,18,d9998a79
Carousel,464,94,38,e88da496
Static_Image,140,45,12,28893f03
Static_Image,186,25,15,4d41a323
Static_Image,243,29,12,068ca684
Reels,821,174,109,138bcd72
Reels,743,169,132,09882f4e
Static_Image,154,29,20,dab0718f
Carousel,276,52,40,9d5802e0
Reels,760,218,118,286189a3
Static_Image,143,33,15,7e7692f6
Carousel,303,88,34,08502344
Static_Image,299,20,14,d973f829
Reels,780,154,132,d497a7af
Static_Image,278,42,18,eedff265
Reels,591,177,143,3957fde3
Carousel,450,52,37,fb2c8b8c
Static_Image,276,44,14,5a9b6581
Reels,882,231,114,eb9345a1
Reels,895,154,116,8c65d43e
Static_Image,194,42,11,6acec97b
Reels,735,239,145,bb640dc3
Carousel,257,93,27,3ff6dcb3
Carousel,260,61,38,536f8415
Reels,942,203,147,67c729dd
Static_Image,277,47,19,bb9e9ed7
Reels,903,210,121,83f5e6b9
Carousel,471,81,35,6e59e8e4
Static_Image,135,27,13,257ad906
Static_Image,299,47,16,fd766a6d
Static_Image,215,40,14,b760747e
Carousel,302,77,25,b0a85d5c
Carousel,347,79,24,936f1bb8
Static_Image,293,23,11,bd1d75ad
Reels,567,235,111,fb2773fb
Static_Image,122,25,14,6c14beab
Reels,727,151,118,bab0ff8d
Static_Image,263,26,18,a931b75a
Static_Image,197,22,15,4c83de08
Carousel,299,71,36,6ab97b3e
Reels,716,228,123,edf5396d
Carousel,263,85,24,2e5416e1
Carousel,485,95,34,0461f6e0
Carousel,453,86,35,66344095
Reels,983,159,100,99d2a5cf
Static_Image,115,45,18,e42de9dc
Reels,578,191,113,db692373
Carousel,247,58,37,cbf944be
Static_Image,276,27,12,43aede84
Carousel,242,98,22,ada810cf
Reels,721,168,103,61147160
Static_Image,233,42,16,d83b263b
Static_Image,138,34,11,72321bd0
Reels,854,150,113,f9400412
Carousel,472,88,25,5c7901bc
Static_Image,174,45,16,13acf9ec
Static_Image,207,39,15,1a6dc50a
Static_Image,163,36,15,4a67ef9b
Static_Image,184,50,18,8c72d9dc
Static_Image,298,37,20,2eb853af
Static_Image,269,36,13,f720b548
Carousel,330,89,33,7a79f29f
Static_Image,186,43,20,2066d64d
Reels,815,181,131,583b83c1
Static_Image,160,37,12,e8a8f61c
Carousel,278,77,28,66767f71
Carousel,269,51,37,5d510815
Static_Image,152,40,13,ed788b43
Carousel,403,97,25,613aa1b8
Reels,964,210,111,316a24a6
Static_Image,158,40,20,3be6c5f2
Static_Image,108,26,19,3dc84485
Reels,801,203,118,341491c5
Static_Image,288,26,17,befc5a05
Carousel,255,70,32,a2d78864
Static_Image,230,29,10,b1633608
Static_Image,124,40,19,303a2311
Static_Image,207,48,14,e388798c
Carousel,302,58,22,e0bcbc69
Static_Image,186,47,18,52e1e991
Static_Image,272,22,16,feea319b
Static_Image,152,30,19,e4b2c1bb
Carousel,497,90,30,5c24766c
Carousel,212,88,32,3a5da41f
Static_Image,212,41,13,71b767a9
Reels,824,178,133,8e88fcaf
Static_Image,273,49,19,ba698d12
Static_Image,147,33,19,2cbc74f0
Reels,764,184,122,b31b693c
Static_Image,215,49,19,548dc9ef
Static_Image,113,48,10,9a5223db
Carousel,205,53,36,0912f734
Reels,902,224,146,a9561d74
Reels,621,223,116,fe0c3e15
Reels,795,220,118,4ebf759c
Reels,650,177,127,0f619a9d
Carousel,423,83,23,fe829ca2
Reels,570,198,144,0ac7d241
Carousel,484,91,29,7b626cd0
Static_Image,242,45,10,6670b693
Carousel,356,65,21,56640f97
Carousel,295,65,29,de93d49d
Static_Image,111,26,10,b416145f
Static_Image,187,20,13,e7877ecc
Reels,820,169,100,a174f8bd
Carousel,414,59,26,0f8ee32b
Reels,954,226,106,ba2e157e
Reels,987,224,128,f9c7f551
Carousel,295,74,27,15c80167
Carousel,331,80,40,24ff3982
Reels,687,234,136,0c85de33
Static_Image,296,49,10,d809907d
Static_Image,168,36,14,2aa5c7bf
Static_Image,140,39,20,60716d6f
Reels,500,169,100,55390b41
Reels,694,188,112,2d6583d6
Static_Image,147,31,14,1afc867c
Reels,956,166,100,2528f9b1
Static_Image,236,44,11,446d923e
Reels,863,196,147,2e4d3c2f
Carousel,476,55,26,b3f76283
Reels,950,192,146,821284d3
Static_Image,211,39,13,2f133f97
Carousel,385,78,40,7e731aff
Reels,559,220,149,1b2a219b
Reels,983,190,143,1395e2b5
Static_Image,122,25,16,2eed614d
Reels,729,193,139,93a492fd
Static_Image,258,33,18,4e2f2f4c
Carousel,338,80,38,2d12062b
Static_Image,269,49,11,5b742fbb
Reels,777,211,108,d2391509
Reels,684,156,118,a718fa4e
Static_Image,127,22,12,b2f6e02b
Carousel,427,74,25,5176b042
Carousel,272,69,38,36f7ae78
Static_Image,119,36,20,8dfaac8b
Static_Image,176,24,17,9f4a6a44
Reels,878,250,123,dac77e25
Carousel,450,60,25,8fd244b6
Static_Image,287,49,18,6bf23542
Reels,822,237,127,e1532d1b
Carousel,292,58,37,3d232a6c
Carousel,293,73,38,532f95e0
Reels,697,162,120,c9291187
Static_Image,110,32,16,e08142ac
Static_Image,207,42,14,b745aabb
Carousel,401,87,34,405251ec
Carousel,272,66,27,00a731d3
Static_Image,146,38,11,ad018fc8
Carousel,418,70,31,c3003b99
Reels,592,200,134,483b0bfe
Static_Image,146,40,10,faae7957
Reels,987,207,111,aad15f6a
Reels,981,173,131,38c87e7f
Carousel,341,88,24,853ecda5
Reels,996,168,150,96004056
Static_Image,188,26,12,03bbe218
Carousel,339,59,38,0bcbe7e1
Reels,619,192,135,4ea83eec
Reels,682,163,129,ad42e015
Static_Image,238,42,10,220923de
Reels,601,201,135,13de9be9
Static_Image,215,36,20,d54e7110
Reels,690,169,141,8c846efd
Reels,851,216,127,e92a14b3
Static_Image,177,31,20,cf24f015
Static_Image,179,35,12,01ca68bb
Carousel,412,53,30,0e5fedab
Carousel,230,83,31,da6e1bc8
Static_Image,180,34,18,614ce081
Reels,935,197,127,bfcdfef0
Carousel,268,95,25,57017ceb
Reels,829,184,147,586f2002
Reels,597,178,121,5bd67dfe
Carousel,404,68,31,a24e10f4
Carousel,247,71,40,4bbb3f4c
Static_Image,266,34,18,5ce62429
Static_Image,115,47,14,2fffdfcd
Static_Image,151,27,17,b84d59f3
Reels,849,163,112,3a1010dd
Static_Image,247,20,20,b0bdefae
Static_Image,256,38,14,4db80c2a
Reels,958,243,129,85cb7bae
Carousel,482,52,37,5a830ec7
Reels,951,243,124,7feba80f
Carousel,289,82,37,87637a47
Reels,600,170,145,12fd74a6
Reels,693,239,127,763c9453
Carousel,317,83,37,a7ae3b60
Carousel,398,100,33,c3652c6c
Carousel,458,89,26,9d35e161
Static_Image,124,36,17,6422a555
Static_Image,290,37,20,d84366b0
Carousel,421,94,28,1abd1eb1
Reels,967,190,125,a0dd28f6
Carousel,343,56,21,d6d97fc6
Carousel,312,59,31,2fc9e077
Reels,508,226,122,1fe3bb28
Reels,560,189,150,6f9ae53c
Reels,651,228,136,04e5d80a
Static_Image,210,34,20,239c55a4
Carousel,304,90,21,b5b6f801
Reels,612,212,122,9b0ed3e9
Reels,944,165,103,ffbdb111
Static_Image,245,30,13,54ac335e
Reels,718,241,105,a63df5a6
Carousel,454,75,34,9ecb9228
Reels,503,182,149,a9cbf4e7
Reels,893,158,135,ef5e7a1d
Carousel,420,69,39,433c3b87
Static_Image,208,25,12,e2e8cfdf
Carousel,335,81,35,d4b9f98e
Static_Image,149,46,15,962563c9
Static_Image,264,23,15,f1fea417
Carousel,285,76,26,0ef916fd
Static_Image,132,34,17,d1a720de
Reels,889,158,105,a6a61207
Carousel,218,66,30,f321192b
Carousel,308,76,32,5ceb0e89
Reels,936,183,139,5f14c5e8
Carousel,211,81,26,23154ccf
Reels,513,195,125,849c95b8
Reels,913,176,148,58a3f4c0
Reels,501,162,144,db6977eb
Static_Image,184,26,15,05655c4c
Static_Image,234,42,13,d07f3923
Static_Image,259,23,18,e339c9ca
Carousel,258,70,40,636737d8
Static_Image,144,31,20,032bd5cc
Static_Image,111,36,11,b11bea29
Carousel,412,68,37,063bfa13
Carousel,369,73,25,e90ef4aa
Reels,793,159,123,f2c04166
Reels,982,172,124,47de9ee1
Reels,777,225,128,b41e632b
Static_Image,258,44,13,0662783d
Carousel,390,70,24,8a406470
Carousel,402,71,24,9fe2e077
Reels,963,171,134,ca0eefd1
Reels,563,244,135,91373e6c
Carousel,295,68,20,1db4c926
Carousel,305,80,35,37ee988c
Carousel,447,50,37,c9c2ccd5
Carousel,266,54,22,ddf770ed
Carousel,440,86,30,6929944f
Reels,868,212,150,c2a29771
Reels,730,211,109,3f21d3b9
Static_Image,192,26,19,89f03f87
Reels,687,158,110,70f651be
Carousel,262,71,34,8d055b64
Carousel,216,78,23,59c901bc
Carousel,238,72,39,39c55f1d
Static_Image,214,48,20,c0129030
Static_Image,220,24,13,a060e76a
Static_Image,278,38,14,e93d65ea
Static_Image,273,44,18,094b45b8
Carousel,380,55,20,9c59fa37
Static_Image,112,36,17,08addacd
Carousel,352,53,26,b99bd4d9
Reels,721,199,101,feb77547
Reels,878,173,101,2c17e8d6
Reels,866,183,101,ff9d9ef7
Reels,994,239,100,a9fd4c3d
Carousel,264,96,37,9e6ca939
Reels,859,217,102,7dc648d8
Static_Image,295,49,14,e2995826
Static_Image,180,29,10,f1a37c0c
Static_Image,131,27,11,4de0f2ca
Carousel,293,73,26,b5ae20a1
Carousel,333,74,28,3a80091c
Carousel,256,78,25,046fa222
Static_Image,144,47,17,6c56ec28
Reels,500,230,116,ad16d2d7
Reels,528,231,134,f4e56c77
Reels,942,204,124,5d496dc3
Static_Image,165,43,11,095a1ca1
Static_Image,292,30,17,61ce71e0
Static_Image,211,30,17,4fe5ce05
Static_Image,130,43,11,263e52c3
Static_Image,112,29,17,b08adc8a
Static_Image,168,23,11,041b6598
Reels,521,239,129,1548c011
Carousel,431,84,26,6b7fe7ce
Carousel,419,68,40,a97fb436
Carousel,457,63,30,54309db1
Carousel,410,55,39,2718f6bb
Static_Image,100,42,14,ffedf37d
Reels,610,240,105,61e2982c
Carousel,450,65,37,3bce1c04
Reels,896,155,120,32d2b220
Static_Image,153,41,15,ee7c722c
Carousel,316,54,32,9219ca18
Carousel,294,63,34,2a786a8c
Carousel,403,54,32,20e318e4
Static_Image,227,46,13,d7694a9f
Carousel,247,66,33,c8d5ea6b
Reels,620,195,150,63143651
Static_Image,125,50,12,8cd47d54
Reels,518,209,145,4e0c7d73
Reels,965,182,132,180e4c96
Carousel,465,83,22,c1fb7bf2
Reels,673,183,120,ad2107c7
Carousel,388,59,36,95983035
Static_Image,297,36,17,e317bf1c
Carousel,344,52,24,1fc87d39
Static_Image,270,34,13,9c61a98a
Carousel,307,73,30,ded6b36e
Carousel,222,65,26,dfd0d839
Reels,662,244,136,7fa7e77f
Reels,617,225,133,243ee786
Carousel,336,86,36,f7c2acb8
Static_Image,174,23,10,53f3ce76
Carousel,300,92,25,e05af7e7
Static_Image,140,49,17,5ac17e05
Carousel,298,94,37,c71298e3
Reels,591,247,117,fb40ea41
Carousel,433,50,33,8929a0c3
Static_Image,242,25,13,762945d1
Carousel,380,71,23,2cebd8a7
Static_Image,192,24,16,e8d79bf3
